{
    "name": "root",
    "gauges": {
        "Hunter.Policy.Entropy.mean": {
            "value": 1.2230340242385864,
            "min": 1.2230340242385864,
            "max": 1.4001796245574951,
            "count": 12
        },
        "Hunter.Policy.Entropy.sum": {
            "value": 12210.771484375,
            "min": 12210.771484375,
            "max": 14136.2138671875,
            "count": 12
        },
        "Hunter.Environment.EpisodeLength.mean": {
            "value": 2005.3333333333333,
            "min": 123.69090909090909,
            "max": 2445.6666666666665,
            "count": 12
        },
        "Hunter.Environment.EpisodeLength.sum": {
            "value": 6016.0,
            "min": 4069.0,
            "max": 16755.0,
            "count": 12
        },
        "Hunter.Step.mean": {
            "value": 119957.0,
            "min": 9994.0,
            "max": 119957.0,
            "count": 12
        },
        "Hunter.Step.sum": {
            "value": 119957.0,
            "min": 9994.0,
            "max": 119957.0,
            "count": 12
        },
        "Hunter.Policy.ExtrinsicValueEstimate.mean": {
            "value": -0.6033512353897095,
            "min": -1.7492775917053223,
            "max": -0.6033512353897095,
            "count": 12
        },
        "Hunter.Policy.ExtrinsicValueEstimate.sum": {
            "value": -95.32949829101562,
            "min": -318.3685302734375,
            "max": -95.32949829101562,
            "count": 12
        },
        "Hunter.Environment.CumulativeReward.mean": {
            "value": -14.026665578285852,
            "min": -16.22833197315534,
            "max": -4.618454507264224,
            "count": 12
        },
        "Hunter.Environment.CumulativeReward.sum": {
            "value": -42.07999673485756,
            "min": -254.01499789953232,
            "max": -28.344997346401215,
            "count": 12
        },
        "Hunter.Policy.ExtrinsicReward.mean": {
            "value": -14.026665578285852,
            "min": -16.22833197315534,
            "max": -4.618454507264224,
            "count": 12
        },
        "Hunter.Policy.ExtrinsicReward.sum": {
            "value": -42.07999673485756,
            "min": -254.01499789953232,
            "max": -28.344997346401215,
            "count": 12
        },
        "Hunter.Losses.PolicyLoss.mean": {
            "value": 0.24442369778744796,
            "min": 0.23811527374218702,
            "max": 0.24560943122647477,
            "count": 12
        },
        "Hunter.Losses.PolicyLoss.sum": {
            "value": 19.06504842742094,
            "min": 18.58150890978177,
            "max": 19.272973320794414,
            "count": 12
        },
        "Hunter.Losses.ValueLoss.mean": {
            "value": 0.014695218379204395,
            "min": 0.014695218379204395,
            "max": 0.15993502654386088,
            "count": 12
        },
        "Hunter.Losses.ValueLoss.sum": {
            "value": 1.1462270335779428,
            "min": 1.1462270335779428,
            "max": 12.314997043877288,
            "count": 12
        },
        "Hunter.Policy.LearningRate.mean": {
            "value": 0.00023097996916053074,
            "min": 0.00023097996916053074,
            "max": 0.00029700002437661554,
            "count": 12
        },
        "Hunter.Policy.LearningRate.sum": {
            "value": 0.018016437594521397,
            "min": 0.018016437594521397,
            "max": 0.022869001876999397,
            "count": 12
        },
        "Hunter.Policy.Epsilon.mean": {
            "value": 0.1769933153846154,
            "min": 0.1769933153846154,
            "max": 0.1990000077922078,
            "count": 12
        },
        "Hunter.Policy.Epsilon.sum": {
            "value": 13.8054786,
            "min": 13.8054786,
            "max": 15.405278599999999,
            "count": 12
        },
        "Hunter.Policy.Beta.mean": {
            "value": 0.00038726724538461546,
            "min": 0.00038726724538461546,
            "max": 0.0004951000381818182,
            "count": 12
        },
        "Hunter.Policy.Beta.sum": {
            "value": 0.030206845140000004,
            "min": 0.030206845140000004,
            "max": 0.03812270294,
            "count": 12
        },
        "Hunter.IsTraining.mean": {
            "value": 1.0,
            "min": 1.0,
            "max": 1.0,
            "count": 12
        },
        "Hunter.IsTraining.sum": {
            "value": 1.0,
            "min": 1.0,
            "max": 1.0,
            "count": 12
        }
    },
    "metadata": {
        "timer_format_version": "0.1.0",
        "start_time_seconds": "1635459502",
        "python_version": "3.7.11 (default, Jul 27 2021, 09:42:29) [MSC v.1916 64 bit (AMD64)]",
        "command_line_arguments": "C:\\Users\\Alexander\\.conda\\envs\\WithTorch\\Scripts\\mlagents-learn --force config/Hunter.yaml --run-id=ExamV1",
        "mlagents_version": "0.27.0",
        "mlagents_envs_version": "0.27.0",
        "communication_protocol_version": "1.5.0",
        "pytorch_version": "1.9.1+cu111",
        "numpy_version": "1.21.2",
        "end_time_seconds": "1635460918"
    },
    "total": 1415.9425266,
    "count": 1,
    "self": 0.006637300000193136,
    "children": {
        "run_training.setup": {
            "total": 0.10554710000000012,
            "count": 1,
            "self": 0.10554710000000012
        },
        "TrainerController.start_learning": {
            "total": 1415.8303422,
            "count": 1,
            "self": 1.588750699999082,
            "children": {
                "TrainerController._reset_env": {
                    "total": 7.1316574,
                    "count": 1,
                    "self": 7.1316574
                },
                "TrainerController.advance": {
                    "total": 1406.962794400001,
                    "count": 63785,
                    "self": 1.5027046999946378,
                    "children": {
                        "env_step": {
                            "total": 736.0289133000048,
                            "count": 63785,
                            "self": 610.3458104000204,
                            "children": {
                                "SubprocessEnvManager._take_step": {
                                    "total": 124.65691709999666,
                                    "count": 63785,
                                    "self": 5.116117199972706,
                                    "children": {
                                        "TorchPolicy.evaluate": {
                                            "total": 119.54079990002396,
                                            "count": 63631,
                                            "self": 60.37127410003449,
                                            "children": {
                                                "TorchPolicy.sample_actions": {
                                                    "total": 59.169525799989465,
                                                    "count": 63631,
                                                    "self": 59.169525799989465
                                                }
                                            }
                                        }
                                    }
                                },
                                "workers": {
                                    "total": 1.0261857999877169,
                                    "count": 63784,
                                    "self": 0.0,
                                    "children": {
                                        "worker_root": {
                                            "total": 1408.2579946000108,
                                            "count": 63784,
                                            "is_parallel": true,
                                            "self": 874.648129700001,