{
    "name": "root",
    "gauges": {
        "Hunter.Policy.Entropy.mean": {
            "value": 1.1911571025848389,
            "min": 1.1911571025848389,
            "max": 1.419477105140686,
            "count": 18
        },
        "Hunter.Policy.Entropy.sum": {
            "value": 11892.5126953125,
            "min": 11892.5126953125,
            "max": 14427.5654296875,
            "count": 18
        },
        "Hunter.Step.mean": {
            "value": 179973.0,
            "min": 9960.0,
            "max": 179973.0,
            "count": 18
        },
        "Hunter.Step.sum": {
            "value": 179973.0,
            "min": 9960.0,
            "max": 179973.0,
            "count": 18
        },
        "Hunter.Policy.ExtrinsicValueEstimate.mean": {
            "value": -0.031991831958293915,
            "min": -0.7183491587638855,
            "max": 3.386241912841797,
            "count": 18
        },
        "Hunter.Policy.ExtrinsicValueEstimate.sum": {
            "value": -4.990725517272949,
            "min": -114.21751403808594,
            "max": 562.1161499023438,
            "count": 18
        },
        "Hunter.Losses.PolicyLoss.mean": {
            "value": 0.2474691304474706,
            "min": 0.2377290616718697,
            "max": 0.2536575478335156,
            "count": 18
        },
        "Hunter.Losses.PolicyLoss.sum": {
            "value": 19.302592174902706,
            "min": 14.78166356604032,
            "max": 19.785288731014216,
            "count": 18
        },
        "Hunter.Losses.ValueLoss.mean": {
            "value": 0.0023464540427745755,
            "min": 0.0023464540427745755,
            "max": 8.693348281676304,
            "count": 18
        },
        "Hunter.Losses.ValueLoss.sum": {
            "value": 0.1830234153364169,
            "min": 0.1830234153364169,
            "max": 669.3878176890754,
            "count": 18
        },
        "Hunter.Policy.LearningRate.mean": {
            "value": 0.000194973035009,
            "min": 0.000194973035009,
            "max": 0.00029644681086181613,
            "count": 18
        },
        "Hunter.Policy.LearningRate.sum": {
            "value": 0.015207896730702,
            "min": 0.015207896730702,
            "max": 0.0226959410346864,
            "count": 18
        },
        "Hunter.Policy.Epsilon.mean": {
            "value": 0.164991,
            "min": 0.164991,
            "max": 0.19881560322580644,
            "count": 18
        },
        "Hunter.Policy.Epsilon.sum": {
            "value": 12.869298,
            "min": 12.326567399999998,
            "max": 15.3653136,
            "count": 18
        },
        "Hunter.Policy.Beta.mean": {
            "value": 0.00032845590000000005,
            "min": 0.00032845590000000005,
            "max": 0.0004941964558064516,
            "count": 18
        },
        "Hunter.Policy.Beta.sum": {
            "value": 0.025619560200000002,
            "min": 0.025619560200000002,
            "max": 0.03785003664,
            "count": 18
        },
        "Hunter.Environment.EpisodeLength.mean": {
            "value": 2017.0,
            "min": 357.5,
            "max": 2017.0,
            "count": 16
        },
        "Hunter.Environment.EpisodeLength.sum": {
            "value": 4034.0,
            "min": 4034.0,
            "max": 17957.0,
            "count": 16
        },
        "Hunter.Environment.CumulativeReward.mean": {
            "value": -16.35054977168329,
            "min": -16.35054977168329,
            "max": 22.01676673380037,
            "count": 16
        },
        "Hunter.Environment.CumulativeReward.sum": {
            "value": -32.70109954336658,
            "min": -113.28499733796343,
            "max": 371.6497032241896,
            "count": 16
        },
        "Hunter.Policy.ExtrinsicReward.mean": {
            "value": -16.35054977168329,
            "min": -16.35054977168329,
            "max": 22.01676673380037,
            "count": 16
        },
        "Hunter.Policy.ExtrinsicReward.sum": {
            "value": -32.70109954336658,
            "min": -113.28499733796343,
            "max": 371.6497032241896,
            "count": 16
        },
        "Hunter.IsTraining.mean": {
            "value": 1.0,
            "min": 1.0,
            "max": 1.0,
            "count": 18
        },
        "Hunter.IsTraining.sum": {
            "value": 1.0,
            "min": 1.0,
            "max": 1.0,
            "count": 18
        }
    },
    "metadata": {
        "timer_format_version": "0.1.0",
        "start_time_seconds": "1636003184",
        "python_version": "3.7.11 (default, Jul 27 2021, 09:42:29) [MSC v.1916 64 bit (AMD64)]",
        "command_line_arguments": "C:\\Users\\Alexander\\.conda\\envs\\WithTorch\\Scripts\\mlagents-learn --force config/Hunter.yaml --run-id=EnemyV2",
        "mlagents_version": "0.27.0",
        "mlagents_envs_version": "0.27.0",
        "communication_protocol_version": "1.5.0",
        "pytorch_version": "1.9.1+cu111",
        "numpy_version": "1.21.2",
        "end_time_seconds": "1636004209"
    },
    "total": 1024.8425871999998,
    "count": 1,
    "self": 0.00869139999986146,
    "children": {
        "run_training.setup": {
            "total": 0.12288509999999997,
            "count": 1,
            "self": 0.12288509999999997
        },
        "TrainerController.start_learning": {
            "total": 1024.7110106999999,
            "count": 1,
            "self": 0.8003576999959705,
            "children": {
                "TrainerController._reset_env": {
                    "total": 8.7674684,
                    "count": 1,
                    "self": 8.7674684
                },
                "TrainerController.advance": {
                    "total": 1014.941136300004,
                    "count": 30684,
                    "self": 0.7477253000155315,
                    "children": {
                        "env_step": {
                            "total": 475.6712939999935,
                            "count": 30684,
                            "self": 369.65552529997655,
                            "children": {
                                "SubprocessEnvManager._take_step": {
                                    "total": 105.49579970000936,
                                    "count": 30684,
                                    "self": 2.359759700008837,
                                    "children": {
                                        "TorchPolicy.evaluate": {
                                            "total": 103.13604000000052,
                                            "count": 30519,
                                            "self": 46.3841516999883,
                                            "children": {
                                                "TorchPolicy.sample_actions": {
                                                    "total": 56.75188830001222,
                                                    "count": 30519,
                                                    "self": 56.75188830001222
                                                }
                                            }
                                        }
                                    }
                                },
                                "workers": {
                                    "total": 0.5199690000076007,
                                    "count": 30683,
                                    "self": 0.0,
                                    "children": {
                                        "worker_root": {
                                            "total": 1016.4171648000093,
                                            "count": 30683,
                                            "is_parallel": true,
                                            "self": 689.2668962000082,