{
    "name": "root",
    "gauges": {
        "Hunter.Policy.Entropy.mean": {
            "value": 1.4768120050430298,
            "min": 1.4528753757476807,
            "max": 1.4768120050430298,
            "count": 2
        },
        "Hunter.Policy.Entropy.sum": {
            "value": 14939.4296875,
            "min": 14801.89453125,
            "max": 14939.4296875,
            "count": 2
        },
        "Hunter.Environment.EpisodeLength.mean": {
            "value": 25.412868632707774,
            "min": 21.17824074074074,
            "max": 25.412868632707774,
            "count": 2
        },
        "Hunter.Environment.EpisodeLength.sum": {
            "value": 9479.0,
            "min": 9149.0,
            "max": 9479.0,
            "count": 2
        },
        "Hunter.Step.mean": {
            "value": 19976.0,
            "min": 9965.0,
            "max": 19976.0,
            "count": 2
        },
        "Hunter.Step.sum": {
            "value": 19976.0,
            "min": 9965.0,
            "max": 19976.0,
            "count": 2
        },
        "Hunter.Policy.ExtrinsicValueEstimate.mean": {
            "value": -8.410114288330078,
            "min": -8.521244049072266,
            "max": -8.410114288330078,
            "count": 2
        },
        "Hunter.Policy.ExtrinsicValueEstimate.sum": {
            "value": -3540.658203125,
            "min": -3936.814697265625,
            "max": -3540.658203125,
            "count": 2
        },
        "Hunter.Environment.CumulativeReward.mean": {
            "value": -9.849469165220338,
            "min": -9.849469165220338,
            "max": -9.837582361670492,
            "count": 2
        },
        "Hunter.Environment.CumulativeReward.sum": {
            "value": -3673.851998627186,
            "min": -4239.997997879982,
            "max": -3673.851998627186,
            "count": 2
        },
        "Hunter.Policy.ExtrinsicReward.mean": {
            "value": -9.849469165220338,
            "min": -9.849469165220338,
            "max": -9.837582361670492,
            "count": 2
        },
        "Hunter.Policy.ExtrinsicReward.sum": {
            "value": -3673.851998627186,
            "min": -4239.997997879982,
            "max": -3673.851998627186,
            "count": 2
        },
        "Hunter.Losses.PolicyLoss.mean": {
            "value": 0.24012052517001953,
            "min": 0.24012052517001953,
            "max": 0.250155203418392,
            "count": 2
        },
        "Hunter.Losses.PolicyLoss.sum": {
            "value": 19.6898830639416,
            "min": 19.6898830639416,
            "max": 21.263192290563317,
            "count": 2
        },
        "Hunter.Losses.ValueLoss.mean": {
            "value": 0.8666233145033448,
            "min": 0.8666233145033448,
            "max": 0.9549907987293647,
            "count": 2
        },
        "Hunter.Losses.ValueLoss.sum": {
            "value": 71.06311178927427,
            "min": 71.06311178927427,
            "max": 81.174217891996,
            "count": 2
        },
        "Hunter.Policy.LearningRate.mean": {
            "value": 0.0002910357981100195,
            "min": 0.0002910357981100195,
            "max": 0.00029698786688639765,
            "count": 2
        },
        "Hunter.Policy.LearningRate.sum": {
            "value": 0.0238649354450216,
            "min": 0.0238649354450216,
            "max": 0.0252439686853438,
            "count": 2
        },
        "Hunter.Policy.Epsilon.mean": {
            "value": 0.1970119317073171,
            "min": 0.1970119317073171,
            "max": 0.19899595529411768,
            "count": 2
        },
        "Hunter.Policy.Epsilon.sum": {
            "value": 16.1549784,
            "min": 16.1549784,
            "max": 16.914656200000003,
            "count": 2
        },
        "Hunter.Policy.Beta.mean": {
            "value": 0.0004853584653658537,
            "min": 0.0004853584653658537,
            "max": 0.0004950801809411765,
            "count": 2
        },
        "Hunter.Policy.Beta.sum": {
            "value": 0.03979939416,
            "min": 0.03979939416,
            "max": 0.042081815380000005,
            "count": 2
        },
        "Hunter.IsTraining.mean": {
            "value": 1.0,
            "min": 1.0,
            "max": 1.0,
            "count": 2
        },
        "Hunter.IsTraining.sum": {
            "value": 1.0,
            "min": 1.0,
            "max": 1.0,
            "count": 2
        }
    },
    "metadata": {
        "timer_format_version": "0.1.0",
        "start_time_seconds": "1637006527",
        "python_version": "3.7.11 (default, Jul 27 2021, 09:42:29) [MSC v.1916 64 bit (AMD64)]",
        "command_line_arguments": "C:\\Users\\Alexander\\.conda\\envs\\WithTorch\\Scripts\\mlagents-learn config/Hunter.yaml --run-id=ChickenV4",
        "mlagents_version": "0.27.0",
        "mlagents_envs_version": "0.27.0",
        "communication_protocol_version": "1.5.0",
        "pytorch_version": "1.9.1+cu111",
        "numpy_version": "1.21.2",
        "end_time_seconds": "1637006619"
    },
    "total": 91.7937594,
    "count": 1,
    "self": 0.0073049999999881265,
    "children": {
        "run_training.setup": {
            "total": 0.15767610000000065,
            "count": 1,
            "self": 0.15767610000000065
        },
        "TrainerController.start_learning": {
            "total": 91.62877830000001,
            "count": 1,
            "self": 0.06832719999981407,
            "children": {
                "TrainerController._reset_env": {
                    "total": 7.9944322,
                    "count": 1,
                    "self": 7.9944322
                },
                "TrainerController.advance": {
                    "total": 83.45263490000019,
                    "count": 2708,
                    "self": 0.061817100000581604,
                    "children": {
                        "env_step": {
                            "total": 31.260269899999958,
                            "count": 2708,
                            "self": 27.37072440000014,
                            "children": {
                                "SubprocessEnvManager._take_step": {
                                    "total": 3.848980099999995,
                                    "count": 2708,
                                    "self": 0.15410989999985603,
                                    "children": {
                                        "TorchPolicy.evaluate": {
                                            "total": 3.694870200000139,
                                            "count": 1932,
                                            "self": 1.5072861000003002,
                                            "children": {
                                                "TorchPolicy.sample_actions": {
                                                    "total": 2.187584099999839,
                                                    "count": 1932,
                                                    "self": 2.187584099999839
                                                }
                                            }
                                        }
                                    }
                                },
                                "workers": {
                                    "total": 0.040565399999824336,
                                    "count": 2707,
                                    "self": 0.0,
                                    "children": {
                                        "worker_root": {
                                            "total": 85.40234999999984,
                                            "count": 2707,
                                            "is_parallel": true,
                                            "self": 61.46286279999986,