{
    "name": "root",
    "gauges": {
        "Hunter.Policy.Entropy.mean": {
            "value": 0.9703426361083984,
            "min": 0.9701602458953857,
            "max": 0.9734379649162292,
            "count": 5
        },
        "Hunter.Policy.Entropy.sum": {
            "value": 9563.697265625,
            "min": 6977.603515625,
            "max": 9996.53125,
            "count": 5
        },
        "Hunter.Step.mean": {
            "value": 999999.0,
            "min": 959999.0,
            "max": 999999.0,
            "count": 5
        },
        "Hunter.Step.sum": {
            "value": 999999.0,
            "min": 959999.0,
            "max": 999999.0,
            "count": 5
        },
        "Hunter.Policy.ExtrinsicValueEstimate.mean": {
            "value": 59.61247253417969,
            "min": 51.14348602294922,
            "max": 68.74412536621094,
            "count": 5
        },
        "Hunter.Policy.ExtrinsicValueEstimate.sum": {
            "value": 9359.158203125,
            "min": 5421.20947265625,
            "max": 10724.0830078125,
            "count": 5
        },
        "Hunter.Losses.PolicyLoss.mean": {
            "value": 0.245799143440688,
            "min": 0.245799143440688,
            "max": 0.253977013454418,
            "count": 5
        },
        "Hunter.Losses.PolicyLoss.sum": {
            "value": 5.407581155695136,
            "min": 3.7537972709815772,
            "max": 5.749299442737897,
            "count": 5
        },
        "Hunter.Losses.ValueLoss.mean": {
            "value": 110.96964668735001,
            "min": 98.23309480585671,
            "max": 132.2734096045446,
            "count": 5
        },
        "Hunter.Losses.ValueLoss.sum": {
            "value": 2441.3322271217003,
            "min": 1984.101144068169,
            "max": 2536.498867222757,
            "count": 5
        },
        "Hunter.Policy.LearningRate.mean": {
            "value": 1.4691995103000013e-06,
            "min": 1.4691995103000013e-06,
            "max": 1.2960395679900001e-05,
            "count": 5
        },
        "Hunter.Policy.LearningRate.sum": {
            "value": 3.232238922660003e-05,
            "min": 3.232238922660003e-05,
            "max": 0.00023042792319139993,
            "count": 5
        },
        "Hunter.Policy.Epsilon.mean": {
            "value": 0.1004897,
            "min": 0.1004897,
            "max": 0.1043201,
            "count": 5
        },
        "Hunter.Policy.Epsilon.sum": {
            "value": 2.2107734,
            "min": 1.5648015,
            "max": 2.3344470999999998,
            "count": 5
        },
        "Hunter.Policy.Beta.mean": {
            "value": 1.2399530000000004e-05,
            "min": 1.2399530000000004e-05,
            "max": 3.1168490000000004e-05,
            "count": 5
        },
        "Hunter.Policy.Beta.sum": {
            "value": 0.0002727896600000001,
            "min": 0.0002727896600000001,
            "max": 0.0005963621399999999,
            "count": 5
        },
        "Hunter.IsTraining.mean": {
            "value": 1.0,
            "min": 1.0,
            "max": 1.0,
            "count": 5
        },
        "Hunter.IsTraining.sum": {
            "value": 1.0,
            "min": 1.0,
            "max": 1.0,
            "count": 5
        }
    },
    "metadata": {
        "timer_format_version": "0.1.0",
        "start_time_seconds": "1637101896",
        "python_version": "3.7.11 (default, Jul 27 2021, 09:42:29) [MSC v.1916 64 bit (AMD64)]",
        "command_line_arguments": "C:\\Users\\Alexander\\.conda\\envs\\WithTorch\\Scripts\\mlagents-learn --resume config/Hunter.yaml --run-id=EnemyV8",
        "mlagents_version": "0.27.0",
        "mlagents_envs_version": "0.27.0",
        "communication_protocol_version": "1.5.0",
        "pytorch_version": "1.9.1+cu111",
        "numpy_version": "1.21.2",
        "end_time_seconds": "1637102140"
    },
    "total": 244.5453052,
    "count": 1,
    "self": 0.013653099999999085,
    "children": {
        "run_training.setup": {
            "total": 0.10413320000000015,
            "count": 1,
            "self": 0.10413320000000015
        },
        "TrainerController.start_learning": {
            "total": 244.4275189,
            "count": 1,
            "self": 0.17759829999943122,
            "children": {
                "TrainerController._reset_env": {
                    "total": 11.4757648,
                    "count": 1,
                    "self": 11.4757648
                },
                "TrainerController.advance": {
                    "total": 232.70512250000053,
                    "count": 6720,
                    "self": 0.17700369999965915,
                    "children": {
                        "env_step": {
                            "total": 121.80248830000124,
                            "count": 6720,
                            "self": 106.66136370000032,
                            "children": {
                                "SubprocessEnvManager._take_step": {
                                    "total": 15.019347599999035,
                                    "count": 6720,
                                    "self": 0.6051227999987887,
                                    "children": {
                                        "TorchPolicy.evaluate": {
                                            "total": 14.414224800000246,
                                            "count": 6720,
                                            "self": 7.4100574999997395,
                                            "children": {
                                                "TorchPolicy.sample_actions": {
                                                    "total": 7.004167300000507,
                                                    "count": 6720,
                                                    "self": 7.004167300000507
                                                }
                                            }
                                        }
                                    }
                                },
                                "workers": {
                                    "total": 0.12177700000188096,
                                    "count": 6720,
                                    "self": 0.0,
                                    "children": {
                                        "worker_root": {
                                            "total": 234.4104646,
                                            "count": 6720,
                                            "is_parallel": true,
                                            "self": 138.6231992000001,
                                            "children": {
                                                "steps_from_proto": {
                                                    "total": 0.00135840000000087,
                                                    "count": 1,
                                                    "is_parallel": true,
                                                    "self": 0.000185099999999494,
                                                    "children": {
                                                        "_process_rank_one_or_two_observation": {
                                                            "total": 0.001173300000001376,
                                                            "count": 8,
                                                            "is_parallel": true,
                                                            "self": 0.001173300000001376
                                                        }
                                                    }
                                                },
                                                "UnityEnvironment.step": {
                                                    "total": 95.78590699999992,