{
    "name": "root",
    "gauges": {
        "Hunter.Policy.Entropy.mean": {
            "value": 1.0660821199417114,
            "min": 1.0660821199417114,
            "max": 1.4136630296707153,
            "count": 50
        },
        "Hunter.Policy.Entropy.sum": {
            "value": 10660.8212890625,
            "min": 10619.759765625,
            "max": 14543.765625,
            "count": 50
        },
        "Hunter.Environment.EpisodeLength.mean": {
            "value": 1270.0,
            "min": 98.12371134020619,
            "max": 6085.0,
            "count": 47
        },
        "Hunter.Environment.EpisodeLength.sum": {
            "value": 5080.0,
            "min": 1315.0,
            "max": 24340.0,
            "count": 47
        },
        "Hunter.Step.mean": {
            "value": 499940.0,
            "min": 9999.0,
            "max": 499940.0,
            "count": 50
        },
        "Hunter.Step.sum": {
            "value": 499940.0,
            "min": 9999.0,
            "max": 499940.0,
            "count": 50
        },
        "Hunter.Policy.ExtrinsicValueEstimate.mean": {
            "value": 0.5357416868209839,
            "min": -1.5916608572006226,
            "max": 4.206488609313965,
            "count": 50
        },
        "Hunter.Policy.ExtrinsicValueEstimate.sum": {
            "value": 83.57569885253906,
            "min": -319.923828125,
            "max": 750.2366333007812,
            "count": 50
        },
        "Hunter.Environment.CumulativeReward.mean": {
            "value": 16.974999491125345,
            "min": -8.800000011920929,
            "max": 98.94999872893095,
            "count": 47
        },
        "Hunter.Environment.CumulativeReward.sum": {
            "value": 67.89999796450138,
            "min": -104.20001338422298,
            "max": 650.5999861136079,
            "count": 47
        },
        "Hunter.Policy.ExtrinsicReward.mean": {
            "value": 16.974999491125345,
            "min": -8.800000011920929,
            "max": 98.94999872893095,
            "count": 47
        },
        "Hunter.Policy.ExtrinsicReward.sum": {
            "value": 67.89999796450138,
            "min": -104.20001338422298,
            "max": 650.5999861136079,
            "count": 47
        },
        "Hunter.Losses.PolicyLoss.mean": {
            "value": 0.24668079521877564,
            "min": 0.23699051107787533,
            "max": 0.251540250928021,
            "count": 50
        },
        "Hunter.Losses.PolicyLoss.sum": {
            "value": 19.2411020270645,
            "min": 17.494316183129992,
            "max": 19.41896051950281,
            "count": 50
        },
        "Hunter.Losses.ValueLoss.mean": {
            "value": 2.3180064958284086,
            "min": 1.372754009665865,
            "max": 28.042656756635477,
            "count": 50
        },
        "Hunter.Losses.ValueLoss.sum": {
            "value": 180.80450667461588,
            "min": 107.07481275393748,
            "max": 2187.327227017567,
            "count": 50
        },
        "Hunter.Policy.LearningRate.mean": {
            "value": 3.0312989896e-06,
            "min": 3.0312989896e-06,
            "max": 0.00029693004102331993,
            "count": 50
        },
        "Hunter.Policy.LearningRate.sum": {
            "value": 0.00023644132118880003,
            "min": 0.00023644132118880003,
            "max": 0.022269753076748996,
            "count": 50
        },
        "Hunter.Policy.Epsilon.mean": {
            "value": 0.1010104,
            "min": 0.1010104,
            "max": 0.19897668000000002,
            "count": 50
        },
        "Hunter.Policy.Epsilon.sum": {
            "value": 7.8788112,
            "min": 7.8788112,
            "max": 14.9714254,
            "count": 50
        },
        "Hunter.Policy.Beta.mean": {
            "value": 1.4950960000000004e-05,
            "min": 1.4950960000000004e-05,
            "max": 0.000494985732,
            "count": 50
        },
        "Hunter.Policy.Beta.sum": {
            "value": 0.0011661748800000002,
            "min": 0.0011661748800000002,
            "max": 0.0371239299,
            "count": 50
        },
        "Hunter.IsTraining.mean": {
            "value": 1.0,
            "min": 1.0,
            "max": 1.0,
            "count": 50
        },
        "Hunter.IsTraining.sum": {
            "value": 1.0,
            "min": 1.0,
            "max": 1.0,
            "count": 50
        }
    },
    "metadata": {
        "timer_format_version": "0.1.0",
        "start_time_seconds": "1636774325",
        "python_version": "3.7.11 (default, Jul 27 2021, 09:42:29) [MSC v.1916 64 bit (AMD64)]",
        "command_line_arguments": "C:\\Users\\Alexander\\.conda\\envs\\WithTorch\\Scripts\\mlagents-learn --force config/Hunter.yaml --run-id=EnemyV8",
        "mlagents_version": "0.27.0",
        "mlagents_envs_version": "0.27.0",
        "communication_protocol_version": "1.5.0",
        "pytorch_version": "1.9.1+cu111",
        "numpy_version": "1.21.2",
        "end_time_seconds": "1636776348"
    },
    "total": 2023.4771853,
    "count": 1,
    "self": 0.009203699999943638,
    "children": {
        "run_training.setup": {
            "total": 0.08813380000000004,
            "count": 1,
            "self": 0.08813380000000004
        },
        "TrainerController.start_learning": {
            "total": 2023.3798478,
            "count": 1,
            "self": 1.4495038000134173,
            "children": {
                "TrainerController._reset_env": {
                    "total": 21.8963171,
                    "count": 1,
                    "self": 21.8963171
                },
                "TrainerController.advance": {
                    "total": 1999.9704834999866,
                    "count": 63507,
                    "self": 1.426250999977583,
                    "children": {
                        "env_step": {
                            "total": 927.6310490000145,
                            "count": 63507,
                            "self": 819.9799510000353,
                            "children": {
                                "SubprocessEnvManager._take_step": {
                                    "total": 106.68272349999319,
                                    "count": 63507,
                                    "self": 4.320496599956471,
                                    "children": {
                                        "TorchPolicy.evaluate": {
                                            "total": 102.36222690003672,
                                            "count": 62532,
                                            "self": 50.22019260005908,
                                            "children": {
                                                "TorchPolicy.sample_actions": {
                                                    "total": 52.14203429997764,
                                                    "count": 62532,
                                                    "self": 52.14203429997764
                                                }
                                            }
                                        }
                                    }
                                },
                                "workers": {
                                    "total": 0.9683744999861119,
                                    "count": 63507,
                                    "self": 0.0,
                                    "children": {
                                        "worker_root": {
                                            "total": 2000.890200999999,
                                            "count": 63507,
                                            "is_parallel": true,
                                            "self": 1265.7014106000106,