{"count":1,"self":60.231238399999995,"total":127.8917189,"children":{"InitializeActuators":{"count":1,"self":0.0020009,"total":0.0020009,"children":null},"InitializeSensors":{"count":1,"self":0.0010000999999999999,"total":0.0010000999999999999,"children":null},"AgentSendState":{"count":103084,"self":0.1730401,"total":0.55713099999999993,"children":{"CollectObservations":{"count":10309,"self":0.0350051,"total":0.0350051,"children":null},"WriteActionMask":{"count":10309,"self":0.010001699999999999,"total":0.010001699999999999,"children":null},"RequestDecision":{"count":10309,"self":0.0530147,"total":0.3390841,"children":{"AgentInfo.ToProto":{"count":10309,"self":0.0700081,"total":0.2860694,"children":{"GenerateSensorData":{"count":10309,"self":0.21606129999999998,"total":0.21606129999999998,"children":null}}}}}}},"DecideAction":{"count":103084,"self":66.3711616,"total":66.3711593,"children":null},"AgentAct":{"count":103084,"self":0.7251862,"total":0.7281873,"children":{"AgentInfo.ToProto":{"count":45,"self":0.0010000999999999999,"total":0.0030011,"children":{"GenerateSensorData":{"count":45,"self":0.0020009999999999997,"total":0.0020009999999999997,"children":null}}}}}},"gauges":{"Cazador.CumulativeReward":{"count":45,"max":-2.11000013,"min":-18.3952522,"runningAverage":-3.10219836,"value":-18.3952522,"weightedAverage":-9.20951748}},"metadata":{"timer_format_version":"0.1.0","start_time_seconds":"1634616421","unity_version":"2020.3.18f1","command_line_arguments":"F:\\AllProyectsUnity\\2020.3.18f1\\Editor\\Unity.exe -projectpath C:\/Proyectos\/PrimerAgente -useHub -hubIPC -cloudEnvironment production -hubSessionId 9506ddc0-3043-11ec-9224-49f9d31b95a7 -accessToken 24uTIwJA1tuZub_CsjWnCzizBUvk6qFtuOaJXjh7xPo004f","communication_protocol_version":"1.5.0","com.unity.ml-agents_version":"2.1.0-exp.1","scene_name":"Equilibrium","end_time_seconds":"1634616549"}}