{
    "name": "root",
    "gauges": {
        "Hunter.Policy.Entropy.mean": {
            "value": 1.0534939765930176,
            "min": 1.0534939765930176,
            "max": 1.4358378648757935,
            "count": 50
        },
        "Hunter.Policy.Entropy.sum": {
            "value": 10518.083984375,
            "min": 10518.083984375,
            "max": 14588.5849609375,
            "count": 50
        },
        "Hunter.Environment.EpisodeLength.mean": {
            "value": 2925.5,
            "min": 100.03529411764706,
            "max": 2925.5,
            "count": 50
        },
        "Hunter.Environment.EpisodeLength.sum": {
            "value": 5851.0,
            "min": 3931.0,
            "max": 16537.0,
            "count": 50
        },
        "Hunter.Step.mean": {
            "value": 499982.0,
            "min": 9996.0,
            "max": 499982.0,
            "count": 50
        },
        "Hunter.Step.sum": {
            "value": 499982.0,
            "min": 9996.0,
            "max": 499982.0,
            "count": 50
        },
        "Hunter.Policy.ExtrinsicValueEstimate.mean": {
            "value": 0.6131531596183777,
            "min": -4.436026573181152,
            "max": 0.6131531596183777,
            "count": 50
        },
        "Hunter.Policy.ExtrinsicValueEstimate.sum": {
            "value": 96.26504516601562,
            "min": -900.5133666992188,
            "max": 96.26504516601562,
            "count": 50
        },
        "Hunter.Environment.CumulativeReward.mean": {
            "value": 16.973496973514557,
            "min": -7.2419529725523555,
            "max": 16.973496973514557,
            "count": 50
        },
        "Hunter.Environment.CumulativeReward.sum": {
            "value": 33.946993947029114,
            "min": -615.5660026669502,
            "max": 103.93298181891441,
            "count": 50
        },
        "Hunter.Policy.ExtrinsicReward.mean": {
            "value": 16.973496973514557,
            "min": -7.2419529725523555,
            "max": 16.973496973514557,
            "count": 50
        },
        "Hunter.Policy.ExtrinsicReward.sum": {
            "value": 33.946993947029114,
            "min": -615.5660026669502,
            "max": 103.93298181891441,
            "count": 50
        },
        "Hunter.Losses.PolicyLoss.mean": {
            "value": 0.2479071515608471,
            "min": 0.23572755283982616,
            "max": 0.2506564136399362,
            "count": 50
        },
        "Hunter.Losses.PolicyLoss.sum": {
            "value": 19.58466497330692,
            "min": 18.222579691684977,
            "max": 19.58466497330692,
            "count": 50
        },
        "Hunter.Losses.ValueLoss.mean": {
            "value": 0.35868471504677574,
            "min": 0.2668248551741246,
            "max": 0.9578081408228548,
            "count": 50
        },
        "Hunter.Losses.ValueLoss.sum": {
            "value": 28.336092488695282,
            "min": 20.812338703581716,
            "max": 73.75122684335982,
            "count": 50
        },
        "Hunter.Policy.LearningRate.mean": {
            "value": 2.994174951341772e-06,
            "min": 2.994174951341772e-06,
            "max": 0.0002969015299801921,
            "count": 50
        },
        "Hunter.Policy.LearningRate.sum": {
            "value": 0.000236539821156,
            "min": 0.000236539821156,
            "max": 0.0225645162784946,
            "count": 50
        },
        "Hunter.Policy.Epsilon.mean": {
            "value": 0.1009980253164557,
            "min": 0.1009980253164557,
            "max": 0.19896717631578947,
            "count": 50
        },
        "Hunter.Policy.Epsilon.sum": {
            "value": 7.9788440000000005,
            "min": 7.931304800000001,
            "max": 15.168391800000002,
            "count": 50
        },
        "Hunter.Policy.Beta.mean": {
            "value": 1.4890324050632913e-05,
            "min": 1.4890324050632913e-05,
            "max": 0.0004949391639473685,
            "count": 50
        },
        "Hunter.Policy.Beta.sum": {
            "value": 0.0011763356000000001,
            "min": 0.0011763356000000001,
            "max": 0.03761537646,
            "count": 50
        },
        "Hunter.IsTraining.mean": {
            "value": 1.0,
            "min": 1.0,
            "max": 1.0,
            "count": 50
        },
        "Hunter.IsTraining.sum": {
            "value": 1.0,
            "min": 1.0,
            "max": 1.0,
            "count": 50
        }
    },
    "metadata": {
        "timer_format_version": "0.1.0",
        "start_time_seconds": "1636784877",
        "python_version": "3.7.11 (default, Jul 27 2021, 09:42:29) [MSC v.1916 64 bit (AMD64)]",
        "command_line_arguments": "C:\\Users\\Alexander\\.conda\\envs\\WithTorch\\Scripts\\mlagents-learn --force config/Hunter.yaml --run-id=Chicken",
        "mlagents_version": "0.27.0",
        "mlagents_envs_version": "0.27.0",
        "communication_protocol_version": "1.5.0",
        "pytorch_version": "1.9.1+cu111",
        "numpy_version": "1.21.2",
        "end_time_seconds": "1636786953"
    },
    "total": 2075.8810499,
    "count": 1,
    "self": 0.00766620000013063,
    "children": {
        "run_training.setup": {
            "total": 0.08997480000000002,
            "count": 1,
            "self": 0.08997480000000002
        },
        "TrainerController.start_learning": {
            "total": 2075.7834089,
            "count": 1,
            "self": 1.9643815999775143,
            "children": {
                "TrainerController._reset_env": {
                    "total": 9.4489334,
                    "count": 1,
                    "self": 9.4489334
                },
                "TrainerController.advance": {
                    "total": 2064.3065279000225,
                    "count": 84281,
                    "self": 1.9249389000051451,
                    "children": {
                        "env_step": {
                            "total": 973.9174938000108,
                            "count": 84281,
                            "self": 830.6048764000104,
                            "children": {
                                "SubprocessEnvManager._take_step": {
                                    "total": 142.0481301999978,
                                    "count": 84281,
                                    "self": 5.986674599993876,
                                    "children": {
                                        "TorchPolicy.evaluate": {
                                            "total": 136.0614556000039,
                                            "count": 83365,
                                            "self": 65.50912490000778,
                                            "children": {
                                                "TorchPolicy.sample_actions": {
                                                    "total": 70.55233069999613,
                                                    "count": 83365,
                                                    "self": 70.55233069999613
                                                }
                                            }
                                        }
                                    }
                                },
                                "workers": {
                                    "total": 1.2644872000025718,
                                    "count": 84281,
                                    "self": 0.0,
                                    "children": {
                                        "worker_root": {
                                            "total": 2065.664423200012,
                                            "count": 84281,
                                            "is_parallel": true,
                                            "self": 1333.176370600016,