{
    "name": "root",
    "gauges": {
        "Hunter.Policy.Entropy.mean": {
            "value": 1.1976691484451294,
            "min": 1.1976691484451294,
            "max": 1.3459755182266235,
            "count": 40
        },
        "Hunter.Policy.Entropy.sum": {
            "value": 11943.1572265625,
            "min": 10816.154296875,
            "max": 13620.46875,
            "count": 40
        },
        "Hunter.Environment.EpisodeLength.mean": {
            "value": 2200.6666666666665,
            "min": 268.38461538461536,
            "max": 3152.3333333333335,
            "count": 39
        },
        "Hunter.Environment.EpisodeLength.sum": {
            "value": 6602.0,
            "min": 2031.0,
            "max": 18966.0,
            "count": 39
        },
        "Hunter.Step.mean": {
            "value": 899949.0,
            "min": 509970.0,
            "max": 899949.0,
            "count": 40
        },
        "Hunter.Step.sum": {
            "value": 899949.0,
            "min": 509970.0,
            "max": 899949.0,
            "count": 40
        },
        "Hunter.Policy.ExtrinsicValueEstimate.mean": {
            "value": 4.539514064788818,
            "min": -0.4453263580799103,
            "max": 4.787860870361328,
            "count": 40
        },
        "Hunter.Policy.ExtrinsicValueEstimate.sum": {
            "value": 717.2432250976562,
            "min": -72.58819580078125,
            "max": 761.2698974609375,
            "count": 40
        },
        "Hunter.Environment.CumulativeReward.mean": {
            "value": 70.06333191444476,
            "min": 2.302499970421195,
            "max": 121.21249781921506,
            "count": 39
        },
        "Hunter.Environment.CumulativeReward.sum": {
            "value": 210.1899957433343,
            "min": 27.62999964505434,
            "max": 578.7399972826242,
            "count": 39
        },
        "Hunter.Policy.ExtrinsicReward.mean": {
            "value": 70.06333191444476,
            "min": 2.302499970421195,
            "max": 121.21249781921506,
            "count": 39
        },
        "Hunter.Policy.ExtrinsicReward.sum": {
            "value": 210.1899957433343,
            "min": 27.62999964505434,
            "max": 578.7399972826242,
            "count": 39
        },
        "Hunter.Losses.PolicyLoss.mean": {
            "value": 0.24189337457812224,
            "min": 0.23744227432697884,
            "max": 0.25389628281070714,
            "count": 40
        },
        "Hunter.Losses.PolicyLoss.sum": {
            "value": 18.867683217093536,
            "min": 6.133867900871784,
            "max": 19.589330053202243,
            "count": 40
        },
        "Hunter.Losses.ValueLoss.mean": {
            "value": 1.2125624673219169,
            "min": 0.5996631458445268,
            "max": 1.8305296336098282,
            "count": 40
        },
        "Hunter.Losses.ValueLoss.sum": {
            "value": 94.57987245110952,
            "min": 33.673276103075594,
            "max": 140.95078178795677,
            "count": 40
        },
        "Hunter.Policy.LearningRate.mean": {
            "value": 1.6890567019715097e-06,
            "min": 1.6890567019715097e-06,
            "max": 0.00013100530966491557,
            "count": 40
        },
        "Hunter.Policy.LearningRate.sum": {
            "value": 0.00013174642275377775,
            "min": 0.00013174642275377775,
            "max": 0.00962597382467689,
            "count": 40
        },
        "Hunter.Policy.Epsilon.mean": {
            "value": 0.10056298575498576,
            "min": 0.10056298575498576,
            "max": 0.14366841777777778,
            "count": 40
        },
        "Hunter.Policy.Epsilon.sum": {
            "value": 7.843912888888889,
            "min": 3.5917104444444448,
            "max": 10.96408711111111,
            "count": 40
        },
        "Hunter.Policy.Beta.mean": {
            "value": 1.2758630199430198e-05,
            "min": 1.2758630199430198e-05,
            "max": 0.0002239752471111111,
            "count": 40
        },
        "Hunter.Policy.Beta.sum": {
            "value": 0.0009951731555555554,
            "min": 0.0009951731555555554,
            "max": 0.016492416577777776,
            "count": 40
        },
        "Hunter.IsTraining.mean": {
            "value": 1.0,
            "min": 1.0,
            "max": 1.0,
            "count": 40
        },
        "Hunter.IsTraining.sum": {
            "value": 1.0,
            "min": 1.0,
            "max": 1.0,
            "count": 40
        }
    },
    "metadata": {
        "timer_format_version": "0.1.0",
        "start_time_seconds": "1637122236",
        "python_version": "3.7.11 (default, Jul 27 2021, 09:42:29) [MSC v.1916 64 bit (AMD64)]",
        "command_line_arguments": "C:\\Users\\Alexander\\.conda\\envs\\WithTorch\\Scripts\\mlagents-learn --resume config/Hunter.yaml --run-id=ChickenV6",
        "mlagents_version": "0.27.0",
        "mlagents_envs_version": "0.27.0",
        "communication_protocol_version": "1.5.0",
        "pytorch_version": "1.9.1+cu111",
        "numpy_version": "1.21.2",
        "end_time_seconds": "1637124219"
    },
    "total": 1982.8548959,
    "count": 1,
    "self": 0.014009600000008504,
    "children": {
        "run_training.setup": {
            "total": 0.10346869999999986,
            "count": 1,
            "self": 0.10346869999999986
        },
        "TrainerController.start_learning": {
            "total": 1982.7374176,
            "count": 1,
            "self": 1.0521305000024768,
            "children": {
                "TrainerController._reset_env": {
                    "total": 9.4194599,
                    "count": 1,
                    "self": 9.4194599
                },
                "TrainerController.advance": {
                    "total": 1972.1305693999977,
                    "count": 33523,
                    "self": 0.9908285000014985,
                    "children": {
                        "env_step": {
                            "total": 851.6450176000017,
                            "count": 33523,
                            "self": 774.9207039999877,
                            "children": {
                                "SubprocessEnvManager._take_step": {
                                    "total": 76.09666420000735,
                                    "count": 33523,
                                    "self": 3.530931500009288,
                                    "children": {
                                        "TorchPolicy.evaluate": {
                                            "total": 72.56573269999807,
                                            "count": 33175,
                                            "self": 38.67410659997867,
                                            "children": {
                                                "TorchPolicy.sample_actions": {
                                                    "total": 33.891626100019394,
                                                    "count": 33175,
                                                    "self": 33.891626100019394
                                                }
                                            }
                                        }
                                    }
                                },
                                "workers": {
                                    "total": 0.6276494000066375,
                                    "count": 33523,
                                    "self": 0.0,
                                    "children": {
                                        "worker_root": {
                                            "total": 1975.0332127999814,
                                            "count": 33523,
                                            "is_parallel": true,
                                            "self": 1261.9045056999603,